insert into tb_categoria(ds_categoria) values
        ('Alimentos'),
        ('Animais'),
		('Artigos'),
		('Automóveis'),
        ('Brinquedos'),
        ('Casa e Decoração'),
        ('Calçados'),
        ('Cosméticos'),
        ('Eletrônicos'),
        ('Esporte'),
        ('Ferramentas'),
        ('Jogos'),
        ('Literatura'),
        ('Papelaria'),
        ('Limpeza'),
        ('Roupas'),
        ('Supermercado'),
        ('Outros');
        
insert into tb_assinatura(ds_assinatura) values
('Bronze'),
('Prata'),
('Ouro');

insert into tb_medida_item(ds_medida) values
('kg'),
('g'),
('L'),
('mL'),
('m'),
('cm'),
('unid.');

insert into tb_status (ds_status, ic_status) 
values ('Pendente', 0), ('Comprado', 1);

insert into tb_usuario(nm_usuario, senha_usuario,email_usuario) values 
('Juliana Ferreira', '$2b$10$ZHfMxXydpfwmHv73.5T.0uc7vH.u3U9/8nvIE2B6ifq7TVs/tfO/K','ferreira@gmail.com'),
('Giovanne Pereira', '$2b$10$ZHfMxXydpfwmHv73.5T.0uc7vH.u3U9/8nvIE2B6ifq7TVs/tfO/K','pereira@gmail.com'),
('Isabela Macedo', '$2b$10$ZHfMxXydpfwmHv73.5T.0uc7vH.u3U9/8nvIE2B6ifq7TVs/tfO/K','macedo@gmail.com'),
('João Silva', '$2b$10$ZHfMxXydpfwmHv73.5T.0uc7vH.u3U9/8nvIE2B6ifq7TVs/tfO/K', 'joao.silva@example.com'),
('Maria Santos', '$2b$10$ZHfMxXydpfwmHv73.5T.0uc7vH.u3U9/8nvIE2B6ifq7TVs/tfO/K', 'maria.santos@example.com'),
('Carlos Oliveira', '$2b$10$ZHfMxXydpfwmHv73.5T.0uc7vH.u3U9/8nvIE2B6ifq7TVs/tfO/K', 'carlos.oliveira@example.com'),
('Ana Souza', '$2b$10$ZHfMxXydpfwmHv73.5T.0uc7vH.u3U9/8nvIE2B6ifq7TVs/tfO/K', 'ana.souza@example.com'),
('Pedro Almeida', '$2b$10$ZHfMxXydpfwmHv73.5T.0uc7vH.u3U9/8nvIE2B6ifq7TVs/tfO/K', 'pedro.almeida@example.com'),
('Camila Santos', '$2b$10$ZHfMxXydpfwmHv73.5T.0uc7vH.u3U9/8nvIE2B6ifq7TVs/tfO/K', 'camila.santos@example.com');

insert into  tb_comunidade(nm_comunidade, sb_comunidade, end_comunidade, id_categoria, id_criador) values
('Volta às aulas','Material escolar que a escola Objetivo solicita','Santos/SP', 14, 1),
('Cesta Básica','Preços de produtos que não podem faltar em casa','Santos/SP', 17, 1);

insert into tb_lista_fixa(id_lista_fixa) values
(1),
(2);

insert into tb_item_fixo(id_lista_fixa, nm_item, qtde_item, qtde_medida, id_medida) values
( 1, 'Caneta permanente', 1, 1, 7),
( 1, 'Cartolinas brancas', 2, 2,7),
( 1, 'Cartolinas coloridas', 2, 2, 7),
( 1, 'Resmas de papel sulfite A4', 2, 75, 2),
( 1, 'Rolo de fita crepe', 1, 1, 7),
( 1, 'Papel vegetal A4', 10, 10, 7),
( 1, 'Papel cartão', 1, 1, 7),
( 1, 'Folhas de EVA', 4, 4, 7),
( 1, 'Potes de guache', 2, 15, 4),
( 1, 'Massa de Biscuit', 1, 1, 7),
( 1, 'Rolo de fita adesiva', 1, 1, 7),
( 1, 'Apontador', 2, 2, 7),
( 1, 'Borracha', 2, 2, 7),
( 1, 'Caneta esferográfica', 5, 5, 7),
( 1, 'Caneta marca texto', 2, 2, 7),
( 1, 'Caixa d/ Lápis de cor', 1, 12, 7),
( 1, 'Régua acrílica', 1, 1, 7),
( 1, 'Compasso', 1, 1, 7),
( 1, 'Transferidor', 1, 1, 7),
( 1, 'Esquadros', 2, 2, 7),
( 1, 'Caderno universitário', 1, 1, 7),
( 1, 'Estojo', 1, 1, 7),
( 1, 'Lápis grafite', 5, 5, 5),
( 1, 'Minidicionário da Língua Portuguesa', 1, 1, 7),
( 1, 'Minidicionário Inglês', 1, 1, 7),
( 1, 'Pasta catálogo preta', 1, 1, 7),
( 1, 'Cola branca', 1, 700, 2),
( 1, 'Tesoura', 1, 1, 7),
( 1, 'Jaleco Manga Longa', 1, 1, 7),
( 1, 'Tela pequena de pintura', 1, 1, 7),
( 2, 'Açucar', 2, 1, 1),
( 2, 'Arroz', 5, 1, 1),
( 2, 'Biscoito salgado', 1, 200, 2),
( 2, 'Biscoito recheado', 1, 125, 2),
( 2, 'Café', 1, 500, 2),
( 2, 'Farinha de mandioca', 1, 500, 2),
( 2, 'Farinha de trigo', 1, 1, 1),
( 2, 'Feijão', 1, 1, 1),
( 2, 'Fubá', 1, 500, 2),
( 2, 'Gelatina', 1, 25, 2),
( 2, 'Macarrão', 1, 500, 2),
( 2, 'Molho de tomate', 1, 340, 2),
( 2, 'Óleo de soja', 1, 900, 4),
( 2, 'Sal', 1, 1, 1),
( 2, 'Sardinha', 1, 125, 2),
( 2, 'Tempero Sachet', 1, 300, 2);

insert into tb_lista_variavel(id_lista_fixa, id_usuario, end_lista) values
( 1, 1, 'Kalunga - Santos'),
( 1, 2, 'Jambo - São Vicente'),
( 2, 1, 'Extra - São Vicente'),
( 2, 2, 'Atacadão - Santos'),
( 1, 3, 'Lojas Mel - São Vicente'),
(1, 4, 'Papelaria Universal - Santos'),
(1, 5, 'Papelaria Santo Amaro - Santos'),
(1, 6, 'Papelaria Triunfo - São Vicente'),
(1, 7, 'Papelaria Ideal - Santos'),
(1, 8, 'Papelaria Juvenil - São Vicente'),
(1, 9, 'Papelaria Modelo - Santos'),
( 2, 5, 'Extra - Santos'),
( 2, 7, 'Pão de Açúcar - São Vicente'),
( 2, 8, 'Carrefour - Santos');

insert into tb_item_variavel(vl_uni, id_lista_variavel, id_item_fixo) values
( 5.8, 1, 1),
( 3.2, 1, 2),
( 3.4, 1, 3),
( 32.32, 1, 4),
( 7.70, 1, 5),
( 13.43, 1, 6),
( 14.50, 1, 7),
( 10.90, 1, 8),
( 5.90, 1, 9),
( 17.90, 1, 10),
( 5.90, 1, 11),
( 3.60, 1, 12),
( 2.70, 1, 13),
( 4.99, 1, 14),
( 4, 1, 15),
( 19.90, 1, 16),
( 13.20, 1, 17),
( 11.70, 1, 18),
( 2.20, 1, 19),
( 31.60, 1, 20),
( 16, 1, 21),
( 14.90, 1, 22),
( 2.12, 1, 23),
( 15.70, 1, 24),
( 15.70, 1, 25),
( 22, 1, 26),
( 8.90, 1, 27),
( 4.34, 1, 28),
( 40.53, 1, 29),
( 12.34, 1, 30),

( 10.60, 2, 1),
( 3.45, 2, 2),
( 3.34, 2, 3),
( 30.90, 2, 4),
( 6, 2, 5),
( 27.20, 2, 6),
( 5.46, 2, 7),
( 12.99, 2, 8),
( 5.50, 2, 9),
( 25.79, 2, 10),
( 2.99, 2, 11),
( 2.20, 2, 12),
( 2.20, 2, 13),
( 2.20, 2, 14),
( 8.80, 2, 15),
( 25.90, 2, 16),
( 2.90, 2, 17),
( 9.20, 2, 18),
( 3.50, 2, 19),
( 3.30, 2, 20),
( 24.20, 2, 21),
( 44.40, 2, 22),
( 1.20, 2, 23),
( 12.32, 2, 24),
( 12.32, 2, 25),
( 4.80, 2, 26),
( 5.70, 2, 27),
( 9.40, 2, 28),
( 22.32, 2, 29),
( 12, 2, 30),

( 5.59, 5, 1),
( 3.79, 5, 2),
( 3.79, 5, 3),
( 31.34, 5, 4),
( 6.64, 5, 5),
( 9.49, 5, 6),
( 3.32, 5, 7),
( 3.32, 5, 8),
( 6.64, 5, 9),
( 20, 5, 10),
( 7.59, 5, 11),
( 3.79, 5, 12),
( 3.79, 5, 13),
( 4.74, 5, 14),
( 3.32, 5, 15),
( 18.99, 5, 16),
( 4.74, 5, 17),
( 14.24, 5, 18),
( 2.84, 5, 19),
( 4.74, 5, 20),
( 10.44, 5, 21),
( 18.99, 5, 22),
( 2.84, 5, 23),
( 2.84, 5, 24),
( 3.24, 5, 25),
( 33.24, 5, 26),
( 5.69, 5, 27),
( 16.14, 5, 28),
( 34, 5, 29),
( 18.99, 5, 30),

( 2.79, 3, 1),
( 6.28, 3, 2),
( 9.98, 3, 3),
( 6.76, 3, 4),
( 19, 3, 5),
( 15.11, 3, 6),
( 10.59, 3, 7),
( 9.66, 3, 8),
( 10.27, 3, 9),
( 1.98, 3, 10),
( 7.37, 3, 11),
( 1.55, 3, 12),
( 13.90, 3, 13),
( 8.54, 3, 14),
( 14, 3, 15),
( 2.34, 3, 16),

( 4.19, 4, 1),
( 28.50, 4, 2),
( 1.49, 4, 3),
( 2.09, 4, 4),
( 17.90, 4, 5),
( 4.64, 4, 6),
( 2.39, 4, 7),
( 6.29, 4, 8),
( 1.79, 4, 9),
( 1.19, 4, 10),
( 3.19, 4, 11),
( 1.25, 4, 12),
( 5.79, 4, 13),
( 2.29, 4, 14),
( 4.49, 4, 15),
( 2.49, 4, 16),

(7.59, 6, 1),
(4.79, 6, 2),
(2.79, 6, 3),
(21.34, 6, 4),
(7.64, 6, 5),
(11.49, 6, 6),
(2.32, 6, 7),
(5.32, 6, 8),
(7.64, 6, 9),
(18, 6, 10),
(8.59, 6, 11),
(2.79, 6, 12),
(2.79, 6, 13),
(5.74, 6, 14),
(4.32, 6, 15),
(20.99, 6, 16),
(5.74, 6, 17),
(12.24, 6, 18),
(3.84, 6, 19),
(5.74, 6, 20),
(9.44, 6, 21),
(17.99, 6, 22),
(3.84, 6, 23),
(3.84, 6, 24),
(4.24, 6, 25),
(29.24, 6, 26),
(6.69, 6, 27),
(14.14, 6, 28),
(29, 6, 29),
(20.99, 6, 30),

(4.59, 7, 1),
(4.79, 7, 2),
(4.79, 7, 3),
(41.34, 7, 4),
(4.64, 7, 5),
(7.49, 7, 6),
(2.32, 7, 7),
(4.32, 7, 8),
(5.64, 7, 9),
(18, 7, 10),
(6.59, 7, 11),
(2.79, 7, 12),
(2.79, 7, 13),
(5.74, 7, 14),
(2.32, 7, 15),
(28.99, 7, 16),
(3.74, 7, 17),
(12.24, 7, 18),
(1.84, 7, 19),
(6.74, 7, 20),
(13.44, 7, 21),
(24.99, 7, 22),
(2.84, 7, 23),
(3.84, 7, 24),
(2.24, 7, 25),
(31.24, 7, 26),
(7.69, 7, 27),
(15.14, 7, 28),
(44, 7, 29),
(28.99, 7, 30),

(4.59, 8, 1),
(4.79, 8, 2),
(2.79, 8, 3),
(21.34, 8, 4),
(8.64, 8, 5),
(8.49, 8, 6),
(4.32, 8, 7),
(2.32, 8, 8),
(7.64, 8, 9),
(18, 8, 10),
(6.59, 8, 11),
(2.79, 8, 12),
(4.79, 8, 13),
(6.74, 8, 14),
(4.32, 8, 15),
(28.99, 8, 16),
(5.74, 8, 17),
(10.24, 8, 18),
(3.84, 8, 19),
(3.74, 8, 20),
(8.44, 8, 21),
(19.99, 8, 22),
(3.84, 8, 23),
(3.84, 8, 24),
(4.24, 8, 25),
(29.24, 8, 26),
(4.69, 8, 27),
(17.14, 8, 28),
(33, 8, 29),
(28.99, 8, 30),

(4.59, 9, 1),
(2.79, 9, 2),
(3.79, 9, 3),
(29.34, 9, 4),
(5.64, 9, 5),
(11.49, 9, 6),
(5.32, 9, 7),
(4.32, 9, 8),
(7.64, 9, 9),
(30, 9, 10),
(5.59, 9, 11),
(4.79, 9, 12),
(5.79, 9, 13),
(4.74, 9, 14),
(5.32, 9, 15),
(28.99, 9, 16),
(3.74, 9, 17),
(13.24, 9, 18),
(1.84, 9, 19),
(3.74, 9, 20),
(12.44, 9, 21),
(17.99, 9, 22),
(3.84, 9, 23),
(3.84, 9, 24),
(4.24, 9, 25),
(29.24, 9, 26),
(7.69, 9, 27),
(15.14, 9, 28),
(24, 9, 29),
(27.99, 9, 30),

(6.59, 10, 1),
(2.79, 10, 2),
(3.79, 10, 3),
(41.34, 10, 4),
(4.64, 10, 5),
(11.49, 10, 6),
(4.32, 10, 7),
(5.32, 10, 8),
(4.64, 10, 9),
(22, 10, 10),
(8.59, 10, 11),
(4.79, 10, 12),
(2.79, 10, 13),
(3.74, 10, 14),
(2.32, 10, 15),
(24.99, 10, 16),
(5.74, 10, 17),
(13.24, 10, 18),
(1.84, 10, 19),
(3.74, 10, 20),
(8.44, 10, 21),
(19.99, 10, 22),
(3.84, 10, 23),
(3.84, 10, 24),
(4.24, 10, 25),
(29.24, 10, 26),
(4.69, 10, 27),
(12.14, 10, 28),
(39, 10, 29),
(19.99, 10, 30),

(6.59, 11, 1),
(4.79, 11, 2),
(2.79, 11, 3),
(28.34, 11, 4),
(5.64, 11, 5),
(8.49, 11, 6),
(4.32, 11, 7),
(5.32, 11, 8),
(6.64, 11, 9),
(18, 11, 10),
(4.59, 11, 11),
(2.79, 11, 12),
(2.79, 11, 13),
(3.74, 11, 14),
(4.32, 11, 15),
(27.99, 11, 16),
(3.74, 11, 17),
(19.24, 11, 18),
(3.84, 11, 19),
(4.74, 11, 20),
(12.44, 11, 21),
(28.99, 11, 22),
(3.84, 11, 23),
(3.84, 11, 24),
(4.24, 11, 25),
(39.24, 11, 26),
(5.69, 11, 27),
(12.14, 11, 28),
(29, 11, 29),
(24.99, 11, 30),

( 6.19, 12, 1),
( 18.50, 12, 2),
( 3.49, 12, 3),
( 12.09, 12, 4),
( 22.90, 12, 5),
( 8.64, 12, 6),
( 12.39, 12, 7),
( 2.29, 12, 8),
( 9.79, 12, 9),
( 9.19, 12, 10),
( 7.19, 12, 11),
( 6.25, 12, 12),
( 4.79, 12, 13),
( 6.29, 12, 14),
( 14.49, 12, 15),
( 5.49, 12, 16),

( 1.19, 13, 1),
( 19.50, 13, 2),
( 8.49, 13, 3),
( 9.09, 13, 4),
( 24.90, 13, 5),
( 5.64, 13, 6),
( 7.39, 13, 7),
( 10.29, 13, 8),
( 6.79, 13, 9),
( 11.19, 13, 10),
( 10.19, 13, 11),
( 3.25, 13, 12),
( 8.79, 13, 13),
( 8.29, 13, 14),
( 9.49, 13, 15),
( 4.49, 13, 16),

( 8.19, 14, 1),
( 21.50, 14, 2),
( 5.49, 14, 3),
( 3.09, 14, 4),
( 12.90, 14, 5),
( 7.64, 14, 6),
( 5.39, 14, 7),
( 12.29, 14, 8),
( 10.79, 14, 9),
( 6.19, 14, 10),
( 8.19, 14, 11),
( 7.25, 14, 12),
( 7.79, 14, 13),
( 4.29, 14, 14),
( 3.49, 14, 15),
( 9.49, 14, 16);

insert into tb_lista(nm_lista, ds_lista, rd_lista, end_lista, id_categoria, id_usuario) values
('Compras do Supermercado',
 'Produtos de suoermercado que devem ser repostas todo mês',
 1800,
 'Rua Marechal Deodoro, 123 - Gonzaga',
 17,
 2),
('Material da Escola',
 'Material escolar para a volta às aulas',
 500,
 'Avenida Epitácio Pessoa, 456 - Aparecida',
 14,
 1),
 ('Farmácia',
 'Remédios que devem ser repostos',
 100,
 'Rua Luiz de Camões, 789 - Boqueirão',
 18,
 3),
 ('Pet Shop',
 'Produtos da gata e do cachorro que devem ser repostos',
 200,
 'Rua Almeida de Moraes, 101 - Ponta da Praia',
 2,
 1);
 
 
insert into tb_comunidade_usuario(id_comunidade, id_usuario) values
( 1, 1),
( 1, 2),
( 2, 1),
( 2, 2),
( 1, 3),
( 1, 4),
( 1, 5),
( 1, 6),
( 1, 7),
( 1, 8),
( 1, 9);

insert into tb_item(nm_item, vl_uni, qtde_item, qtde_medida_item, id_status, id_medida, id_lista) values
('Arroz',
 27.50,
 4,
 5,
 1,
 1,
 1),
('Feijão',
 12.98,
 8,
 1,
 1,
 1,
 1),
('Óleo de soja',
 9.60,
 5,
 900,
 1,
 4,
 1),
('Sal',
 2.49,
 5,
 1,
 1,
 1,
 1),
('Açúcar Cristal',
 7.49,
 6,
 2,
 1,
 1,
 1),
('Café',
 11.99,
 3,
 500,
 1,
 2,
 1),
('Molho de tomate',
 2.98,
 5,
 300,
 1,
 2,
 1),
('Macarrão',
 3.99,
 4,
 500,
 1,
 2,
 1),
('Milho Verde',
 5.98,
 5,
 170,
 1,
 2,
 1),
('Farinha de trigo',
 7.47,
 3,
 1,
 1,
 1,
 1),
('Leite',
 4.49,
 12, 
 1,
 1,
 3,
 1),
('Margarina Delícia',
 4.98,
 2,
 250,
 1,
 2,
 1),
('Ovos',
 9.29,
 1,
 12,
 1,
 7,
 1),
('Lápis grafite',
 1.68,
 6,
 6,
 1,
 7,
 2),
 ('Borracha',
 1.67,
 2,
 2,
 1,
 7,
 2),
 ('Apontador',
 3.36,
 2,
 2,
 1,
 7,
 2),
 ('Cola branca',
 8.90,
 1,
 1,
 1,
 7,
 2),
 ('Tesoura',
 9.30,
 1,
 1,
 1,
 7,
 2),
 ('C/ Lápis de cor',
 14.23,
 1,
 1,
 1,
 7,
 2),
 ('Pincel',
 2.3,
 2,
 2,
 1,
 7,
 2),
 ('Caderno',
 25.23,
 5,
 5,
 1,
 7,
 2),
 ('Caderno de desenho',
 12.32,
 1,
 1,
 1,
 7,
 2),
 ('Caneta',
 1.23,
 5,
 5,
 1,
 7,
 2),
 ('Paracetamol 20/c',
 9.48,
 1,
 1,
 1,
 7,
 3),
 ('Novalgina 10/c',
 14.12,
 1,
 1,
 1,
 7,
 3),
 ('Dorflex 10c/',
 6.99,
 1,
 1,
 1,
 7,
 3),
 ('Buscofem 10/c',
 25.85,
 1,
 1,
 1,
 7,
 3),
 ('Estomazil',
 12.5,
 1,
 1,
 1,
 7,
 3),
 ('Ataduras',
 4.99,
 1,
 10,
 1,
 6,
 3),
 ('Band-aid',
 12.79,
 1,
 40,
 1,
 7,
 3),
 ('Benegripe',
 16.83,
 1,
 140,
 1,
 4,
 3),
 ('Dipirona',
 11.29,
 1,
 1,
 1,
 2,
 3),
 ('Ração Golden p/ gato',
 27.89,
 1,
 1,
 1,
 1,
 4),
 ('Ração Golden p/ cão',
 22.5,
 1,
 1,
 1,
 1,
 4),
 ('Tapete Higiênico',
 78.39,
 1,
 30,
 1,
 7,
 4),
 ('Areia Higiênica',
 49.99,
 1,
 12,
 1,
 1,
 4),
 ('Petisco Pedrigree',
 17.09,
 1,
 7,
 1,
 7,
 4),
 ('Sachê GranPlus',
 2.87,
 5,
 100,
 1,
 2,
 4),
 ('Probiótico Vetnil',
 57.98,
 1,
 14,
 1,
 2,
 4);
